{
    "loss": 26.78339385986328,
    "accuracy": 0.5686274766921997
}