{
    "loss": 6.088615417480469,
    "accuracy": 0.44117647409439087
}